{
  "model_type": "random_forest",
  "feature_columns": [
    "latency",
    "throughput",
    "reliability",
    "jitter",
    "packet_loss",
    "cpu_utilization",
    "memory_utilization",
    "network_bandwidth_available",
    "active_slices_count",
    "slice_type_encoded",
    "latency_throughput_ratio",
    "reliability_packet_loss_ratio",
    "jitter_latency_ratio"
  ],
  "hyperparameters": {
    "n_estimators": 100,
    "max_depth": 10,
    "min_samples_split": 5,
    "min_samples_leaf": 2,
    "random_state": 42,
    "n_jobs": -1
  },
  "training_history": {
    "model_type": "random_forest",
    "train_samples": 4800,
    "test_samples": 1200,
    "train_mse": 0.0013851129014350143,
    "test_mse": 0.00359915249525044,
    "train_mae": 0.029149728871884217,
    "test_mae": 0.047835077008178385,
    "train_r2": 0.9602024335758365,
    "test_r2": 0.8961494567308613,
    "cv_mean": 0.9026360856865911,
    "cv_std": 0.006796138304374546,
    "feature_importance": {
      "latency": 0.12132123916917473,
      "throughput": 0.09028345596882258,
      "reliability": 0.3789782330473898,
      "jitter": 0.04814244621509352,
      "packet_loss": 0.026150187419758168,
      "cpu_utilization": 0.003554143798861858,
      "memory_utilization": 0.0037679672067283507,
      "network_bandwidth_available": 0.0036942353158175346,
      "active_slices_count": 0.0029668678804322854,
      "slice_type_encoded": 0.0211254567770986,
      "latency_throughput_ratio": 0.2498263915614556,
      "reliability_packet_loss_ratio": 0.042006426010612295,
      "jitter_latency_ratio": 0.008182949628754398
    },
    "timestamp": "2025-12-02T01:38:45.476430Z"
  },
  "model_path": "viability_model.pkl",
  "scaler_path": "scaler.pkl"
}