{
  "model_type": "random_forest",
  "feature_columns": [
    "latency",
    "throughput",
    "reliability",
    "jitter",
    "packet_loss",
    "latency_throughput_ratio",
    "reliability_packet_loss_ratio",
    "jitter_latency_ratio",
    "slice_type_encoded"
  ],
  "training_history": {
    "model_type": "random_forest",
    "train_samples": 4800,
    "test_samples": 1200,
    "train_mse": 0.0007739805978900567,
    "test_mse": 0.0033688405693264568,
    "train_mae": 0.021551226916594352,
    "test_mae": 0.04638345972007258,
    "train_r2": 0.9777617086494313,
    "test_r2": 0.9027949152548139,
    "cv_mean": 0.909385803377521,
    "cv_std": 0.005727710091394253,
    "feature_importance": {
      "latency": 0.12957449838787702,
      "throughput": 0.0889791088764774,
      "reliability": 0.37023460325494756,
      "jitter": 0.055423686014716166,
      "packet_loss": 0.02843401665771523,
      "latency_throughput_ratio": 0.25391725415249966,
      "reliability_packet_loss_ratio": 0.04590530073093322,
      "jitter_latency_ratio": 0.012939476357855549,
      "slice_type_encoded": 0.01459205556697823
    },
    "timestamp": "2025-11-22T03:07:29.698505Z"
  },
  "model_path": "viability_model.pkl",
  "scaler_path": "scaler.pkl"
}